First Name,Last Name,Username,Email,Password,Phone
Zaib,Khan,zaibthegreat,kmjahanzaib@gmail.com,123,019
Voldemort,Potter,voldaPot,voldepot@gmail.com,542,809
Albus,Singh,tingatinga,tingting@gmail.com,245,234
Klonum,David,davidsun,davidsun@gmail.com,213,5423
Who,Knows,knowsanyone,whonows@gmail.com,123,54326
Isaac,Stratvert,isaacStatve,isaacfoster@gmail.com,1234,017